,City,Country,Date,Lat,Lon,Max Temp,Humidity,Cloudiness,Wind Speed
0,Pacific Grove,US,1533603300,36.62,-121.92,86.0,43,1,3.36
1,Lebu,ET,1533605857,8.96,38.73,52.39,96,80,2.82
2,Chokurdakh,RU,1533605857,70.62,147.9,43.35,91,0,9.19
3,Busselton,AU,1533605858,-33.64,115.35,62.16,96,8,15.79
4,Comodoro Rivadavia,AR,1533603600,-45.87,-67.48,48.2,76,20,2.24
5,Corrente,BR,1533605858,-17.45,-44.68,63.78,94,64,4.38
6,Castro,CL,1533605859,-42.48,-73.76,41.01,100,36,5.61
7,Mataura,NZ,1533605859,-46.19,168.86,44.25,82,100,3.94
8,Punta Arenas,CL,1533603600,-53.16,-70.91,33.8,100,90,5.82
9,Tignere,CM,1533605859,7.37,12.65,63.37,98,92,2.26
10,Sao Joao da Barra,BR,1533605860,-21.64,-41.05,68.28,100,100,22.5
11,Sterling,US,1533604500,39.0,-77.4,82.4,83,1,5.84
12,Leningradskiy,RU,1533605860,69.38,178.42,35.07,100,20,9.42
13,Doha,QA,1533603600,25.29,51.53,102.2,24,0,14.99
14,Grand Gaube,MU,1533603600,-20.01,57.66,69.8,56,40,8.05
15,Hermanus,ZA,1533605861,-34.42,19.24,43.35,98,68,8.19
16,Bredasdorp,ZA,1533603600,-34.53,20.04,46.4,81,56,9.17
17,Albany,US,1533603240,42.65,-73.75,84.2,69,20,5.82
18,Benemerito de las Americas,MX,1533605862,16.52,-90.64,76.02,85,56,2.48
19,Sitka,US,1533605862,37.17,-99.65,86.77,35,56,10.2
20,Port Elizabeth,US,1533603360,39.31,-74.98,82.4,78,1,10.98
21,Rio Gallegos,AR,1533603600,-51.62,-69.22,33.8,69,90,2.24
22,Santa Cruz de la Palma,ES,1533603600,28.68,-17.76,75.2,64,0,16.11
23,Alwar,IN,1533605863,27.56,76.61,79.21,91,24,4.38
24,Mahebourg,MU,1533603600,-20.41,57.7,69.8,56,40,8.05
25,Ushuaia,AR,1533603600,-54.81,-68.31,32.0,100,90,11.41
26,Airai,TL,1533605864,-8.93,125.41,83.17,44,0,1.81
27,Tasiilaq,GL,1533603000,65.61,-37.64,41.0,80,68,18.34
28,Cape Town,ZA,1533603600,-33.93,18.42,48.2,66,75,4.7
29,Carnarvon,ZA,1533605865,-30.97,22.13,31.38,94,36,11.1
30,Ensley,US,1533603300,33.51,-86.89,84.2,66,20,3.36
31,Atuona,PF,1533605866,-9.8,-139.03,79.89,99,64,19.04
32,Hobart,AU,1533601800,-42.88,147.33,48.2,61,75,12.75
33,Kapaa,US,1533603360,22.08,-159.32,84.2,70,75,17.22
34,Praia da Vitoria,PT,1533603600,38.73,-27.07,71.6,73,75,5.95
35,Bom Jesus da Lapa,BR,1533605867,-13.25,-43.41,74.26,58,0,10.42
36,Corinth,GR,1533603000,37.94,22.93,77.0,41,0,9.17
37,San Patricio,PY,1533605852,-26.98,-56.83,43.8,81,0,2.93
38,Tuktoyaktuk,CA,1533603600,69.44,-133.03,44.6,81,90,5.82
39,Butaritari,KI,1533605868,3.07,172.79,79.53,100,64,3.49
40,Imbituba,BR,1533603600,-28.24,-48.67,50.0,100,0,5.39
41,Hofn,IS,1533605869,64.25,-15.21,49.83,96,80,31.79
42,Sistranda,NO,1533603000,63.73,8.83,53.6,81,0,10.29
43,Moyale,ET,1533605869,3.52,39.05,62.29,88,32,6.62
44,Vaini,IN,1533605870,15.34,74.49,69.72,99,92,9.19
45,Kattivakkam,IN,1533603600,13.22,80.32,84.2,62,75,11.41
46,Tuatapere,NZ,1533605870,-46.13,167.69,52.84,87,44,17.36
47,Rikitea,PF,1533605859,-23.12,-134.97,75.61,98,56,4.16
48,Pochutla,MX,1533602700,15.74,-96.47,80.6,83,90,8.05
49,College,US,1533603780,64.86,-147.8,57.2,87,90,12.44
50,Hamilton,BM,1533603300,32.3,-64.78,80.6,74,20,5.82
51,Kloulklubed,PW,1533603000,7.04,134.26,84.2,79,75,10.29
52,Pavlysh,UA,1533605872,48.92,33.36,65.31,88,24,4.38
53,Aripuana,BR,1533605872,-9.17,-60.63,76.24,86,0,2.04
54,Ponta do Sol,BR,1533605872,-20.63,-46.0,57.84,95,68,2.93
55,Esperance,TT,1533603600,10.24,-61.45,80.6,83,20,9.17
56,Jamestown,AU,1533605873,-33.21,138.6,47.44,98,88,15.46
57,Tautira,PF,1533603600,-17.73,-149.15,84.2,66,40,8.05
58,Bassar,TG,1533600000,9.26,0.78,69.8,100,75,4.7
59,Nikolskoye,RU,1533603600,59.7,30.79,59.0,77,75,6.71
60,Bolshevik,BY,1533603600,54.01,27.57,57.2,76,0,4.47
61,Emporia,US,1533603180,38.4,-96.18,80.6,57,75,5.82
62,Araxa,BR,1533605875,-19.59,-46.94,56.71,98,76,3.71
63,Basco,US,1533604500,40.33,-91.2,86.0,78,1,4.7
64,Upernavik,GL,1533605875,72.79,-56.15,41.86,87,92,32.79
65,Hilo,US,1533603360,19.71,-155.08,84.2,62,40,12.75
66,Santo Domingo,DO,1533603600,18.48,-69.94,78.8,88,40,2.26
67,Geraldton,CA,1533603600,49.72,-86.95,53.6,93,90,2.24
68,Shenjiamen,CN,1533605877,29.96,122.3,85.11,91,8,8.75
69,Dwarka,IN,1533603600,28.58,77.04,80.6,94,90,5.82
70,Zemes,RO,1533601800,46.58,26.42,68.0,94,48,5.82
71,Nsoko,ZA,1533605878,-27.07,31.93,51.67,94,0,3.6
72,Moose Factory,CA,1533603600,51.26,-80.61,48.2,87,90,4.7
73,New Norfolk,AU,1533603600,-42.78,147.06,50.0,57,40,14.99
74,Daru,SL,1533605879,7.99,-10.85,70.62,98,92,6.29
75,Tazovskiy,RU,1533605879,67.47,78.7,55.5,77,76,16.46
76,Bluff,AU,1533605879,-23.58,149.07,68.73,22,80,12.21
77,Athabasca,CA,1533605880,54.72,-113.29,69.72,59,68,8.41
78,Gushikawa,JP,1533603600,26.35,127.87,87.8,70,1,10.29
79,Ulaangom,MN,1533605880,49.98,92.07,57.97,82,20,3.38
80,Half Moon Bay,US,1533603360,37.46,-122.43,91.4,46,20,23.04
81,Lavrentiya,RU,1533605881,65.58,-170.99,44.74,100,36,4.72
82,Sao Filipe,CV,1533605881,14.9,-24.5,76.24,100,92,12.44
83,Richards Bay,ZA,1533605881,-28.77,32.06,55.77,85,0,7.29
84,Aksarka,RU,1533605881,66.56,67.8,57.61,72,76,11.99
85,Torbay,CA,1533603600,47.66,-52.73,55.4,100,90,5.82
86,Pundaguitan,PH,1533605882,6.37,126.17,85.02,95,56,12.77
87,Mackay,CA,1533603600,53.65,-115.58,78.8,41,75,8.05
88,Qaanaaq,GL,1533605883,77.48,-69.36,39.21,85,76,13.22
89,Tiksi,RU,1533605883,71.64,128.87,50.19,78,8,14.67
90,Vao,EE,1533605883,59.1,26.19,62.11,66,88,10.65
91,Zuwarah,LY,1533605884,32.93,12.08,81.69,86,12,14.9
92,Luderitz,NA,1533605884,-26.65,15.16,49.38,89,0,7.18
93,Agadir,MA,1533603600,30.42,-9.58,69.8,83,0,8.05
94,Iracoubo,GF,1533605885,5.48,-53.21,77.1,88,64,5.06
95,Enshi,CN,1533605885,30.29,109.48,79.71,84,56,3.71
96,Dongkan,CN,1533605885,34.0,119.83,90.96,84,0,8.41
97,Padang,ID,1533605886,-0.92,100.36,77.55,100,48,3.6
98,Hay River,CA,1533603600,60.82,-115.79,71.6,64,90,9.17
99,Mitsamiouli,KM,1533603600,-11.38,43.28,69.8,94,20,4.7
100,Thompson,CA,1533603600,55.74,-97.86,64.4,88,75,10.29
101,Vardo,US,1533603300,39.62,-77.74,84.2,70,40,4.7
102,Trofors,NO,1533604800,65.54,13.39,50.0,100,68,5.82
103,Clyde River,CA,1533603600,70.47,-68.59,46.4,65,1,18.34
104,Khatanga,RU,1533605888,71.98,102.47,51.0,97,8,9.64
105,Mar del Plata,AR,1533605888,-46.43,-67.52,42.45,98,92,0.25
106,Boyolangu,ID,1533605888,-8.09,111.9,82.72,49,0,5.28
107,Toamasina,MG,1533603600,-18.17,49.38,64.4,93,40,2.15
108,Shimoda,JP,1533603600,34.7,138.93,84.2,88,75,24.16
109,Hun,BE,1533604800,50.34,4.87,71.6,68,0,2.24
110,Trairi,BR,1533605644,-3.28,-39.27,79.57,98,24,20.04
111,Santa Maria,BR,1533603600,-29.69,-53.81,51.8,87,0,5.82
112,Port Macquarie,AU,1533603600,-31.43,152.91,62.6,29,0,14.99
113,Kruisfontein,ZA,1533605892,-34.0,24.73,53.29,92,44,23.62
114,Barrow,AR,1533605677,-38.31,-60.23,60.27,50,88,18.7
115,Arraial do Cabo,BR,1533603600,-22.97,-42.02,64.4,93,90,3.36
116,Codrington,AU,1533605892,-28.95,153.24,63.15,48,0,8.19
117,Nhulunbuy,AU,1533603600,-12.18,136.78,80.6,65,40,17.22
118,Kannur,IN,1533605893,11.88,75.37,68.77,99,92,2.37
119,Kahului,US,1533603360,20.89,-156.47,87.8,48,1,24.16
120,Nabire,ID,1533605893,-3.36,135.5,76.74,87,32,2.59
121,Araouane,ML,1533605894,18.9,-3.53,80.25,65,36,6.4
122,Provideniya,RU,1533603600,64.42,-173.23,51.8,76,75,6.71
123,Georgetown,GY,1533603600,6.8,-58.16,75.2,100,75,6.93
124,Kavieng,PG,1533605776,-2.57,150.8,80.92,100,48,3.38
125,Avarua,CK,1533603600,-21.21,-159.78,77.0,73,75,20.8
126,Bay Roberts,CA,1533603600,47.58,-53.28,55.4,100,90,5.82
127,Ulluaya,RU,1533603600,42.37,47.37,69.8,68,0,6.71
128,San Quintin,PH,1533603600,17.54,120.52,86.0,74,75,4.7
129,Aykhal,RU,1533605896,65.95,111.51,62.25,53,76,4.83
130,Yumen,CN,1533605897,40.29,97.04,80.74,44,0,4.16
131,Dikson,RU,1533605897,73.51,80.55,47.31,82,32,19.6
132,Lorengau,PG,1533605897,-2.02,147.27,80.74,100,80,6.17
133,Coquimbo,CL,1533603600,-29.95,-71.34,53.6,93,90,4.7
134,Saint-Francois,FR,1533605400,46.42,3.91,69.8,73,0,3.36
135,Pangnirtung,CA,1533605898,66.15,-65.72,41.19,96,92,4.27
136,Howard Springs,AU,1533603600,-12.5,131.05,84.2,18,0,13.87
137,Haines Junction,CA,1533605899,60.75,-137.51,58.38,57,88,4.5
138,Inhambane,MZ,1533605899,-23.87,35.38,68.91,100,20,6.96
139,Bilma,NE,1533605899,18.69,12.92,83.58,50,32,9.98
140,Longyearbyen,NO,1533603000,78.22,15.63,46.4,98,0,3.36
141,Kaspiyskiy,RU,1533605900,45.39,47.37,74.76,90,0,5.17
142,Camacha,PT,1533603600,33.08,-16.33,73.4,78,40,19.46
143,Belmonte,PT,1533605901,40.36,-7.35,60.18,82,0,3.38
144,Kodiak,US,1533603900,39.95,-94.76,80.6,65,75,33.33
145,Wajid,SO,1533605901,3.81,43.25,66.03,94,24,9.42
146,Sioux Falls,US,1533604500,43.55,-96.7,77.0,65,75,4.7
147,Pevek,RU,1533605902,69.7,170.27,41.41,100,24,12.88
148,Port Alfred,ZA,1533605902,-33.59,26.89,56.76,91,0,15.79
149,Luwuk,ID,1533605881,-0.95,122.79,82.23,78,12,7.18
150,Paita,PE,1533601020,-5.09,-81.11,69.8,68,0,13.87
151,Vila Velha,BR,1533603600,-3.71,-38.6,78.8,83,40,9.17
152,Barabai,ID,1533605903,-2.59,115.38,84.61,75,0,3.04
153,San Andres,PH,1533605649,13.32,122.68,77.01,100,92,23.96
154,Kimbe,PG,1533605904,-5.56,150.15,82.32,98,32,6.73
155,Shirokiy,RU,1533605904,53.87,39.17,65.76,72,92,7.85
156,Taltal,CL,1533605904,-25.41,-70.49,48.97,91,0,2.71
157,Victoria,BN,1533603600,5.28,115.24,82.4,83,75,2.24
158,Smithers,CA,1533603600,54.78,-127.17,78.8,24,75,17.22
159,Havre-Saint-Pierre,CA,1533603600,50.23,-63.6,64.4,93,75,5.82
160,Ixmiquilpan,MX,1533605906,20.48,-99.22,55.5,99,68,2.15
161,Oxford,US,1533603360,33.61,-85.83,84.2,74,40,6.93
162,Lumsden,CA,1533603600,50.65,-104.86,78.8,39,5,8.05
163,Bethel,US,1533603180,60.79,-161.76,57.2,93,90,11.41
164,Touros,BR,1533605779,-5.2,-35.46,74.89,94,88,12.21
165,Alofi,NU,1533603600,-19.06,-169.92,78.8,50,40,14.99
166,Lappeenranta,FI,1533604800,61.06,28.19,57.2,87,75,9.17
167,Nanortalik,GL,1533605909,60.14,-45.24,40.69,97,0,9.75
168,Salalah,OM,1533603000,17.01,54.1,77.0,94,75,3.36
169,Mbalmayo,CM,1533603600,3.52,11.5,68.0,94,75,2.59
170,Port Shepstone,ZA,1533605909,-30.74,30.45,59.14,83,0,7.63
171,Araguaina,BR,1533605691,-7.19,-48.21,78.81,44,32,4.61
172,Puerto Ayora,EC,1533600000,-0.74,-90.35,73.4,69,75,17.22
173,Pedro Juan Caballero,PY,1533605910,-22.55,-55.74,56.71,94,8,7.18
174,Kolondieba,ML,1533605911,11.09,-6.89,71.52,95,24,7.52
175,Severo-Kurilsk,RU,1533605911,50.68,156.12,57.93,87,32,0.92
176,Mehamn,NO,1533605911,71.03,27.85,46.72,100,92,16.8
177,Cunha,BR,1533603600,-23.08,-44.96,57.2,100,90,2.24
178,Roura,GF,1533603600,4.73,-52.33,75.2,100,0,7.96
179,Wattegama,LK,1533605912,7.35,80.68,70.21,100,100,4.83
180,Kenai,US,1533603360,60.55,-151.26,60.8,82,90,19.46
181,Noumea,NC,1533603600,-22.28,166.46,77.0,47,0,6.93
182,Paamiut,GL,1533605913,61.99,-49.67,44.29,88,44,20.27
183,Namibe,AO,1533605913,-15.19,12.15,63.64,100,0,13.33
184,Floro,NO,1533604800,61.6,5.03,59.0,93,92,10.29
185,Margate,AU,1533603600,-43.03,147.26,50.0,57,40,14.99
186,Saskylakh,RU,1533605914,71.97,114.09,65.26,72,0,8.97
187,Mumbwa,ZM,1533605914,-14.99,27.06,53.25,62,0,6.85
188,Usakos,NA,1533605915,-22.0,15.59,39.16,79,0,4.38
189,Erzin,TR,1533603000,36.95,36.2,78.8,74,0,16.11
190,Denpasar,ID,1533603600,-8.65,115.22,77.0,83,75,9.17
191,Torbat-e Jam,IR,1533605916,35.24,60.63,74.94,37,0,11.99
192,Hasaki,JP,1533603900,35.73,140.83,73.4,94,75,17.22
193,Kaitangata,NZ,1533605916,-46.28,169.85,53.52,75,24,8.86
194,Tucupita,VE,1533605916,9.06,-62.05,79.62,82,36,7.4
195,Puerto Escondido,MX,1533605917,15.86,-97.07,83.58,100,32,5.95
196,Yulara,AU,1533603600,-25.24,130.99,55.4,37,0,5.82
197,Kodinsk,RU,1533605712,58.6,99.18,58.51,63,36,3.6
198,General Roca,AR,1533603600,-39.03,-67.58,51.8,76,88,1.12
199,Mackenzie,CA,1533603600,55.34,-123.09,75.2,29,1,3.36
200,Ribeira Grande,PT,1533605918,38.52,-28.7,70.39,100,0,8.08
201,Narok,KE,1533605918,-1.09,35.87,48.16,96,0,3.38
202,Twin Falls,US,1533603180,42.57,-114.46,86.0,17,1,5.82
203,Santa Cruz,US,1533603360,36.97,-122.03,89.6,63,1,5.82
204,Cidreira,BR,1533605920,-30.17,-50.22,46.81,86,0,6.06
205,Klaksvik,FO,1533604800,62.23,-6.59,50.0,93,44,14.99
206,Iqaluit,CA,1533603600,63.75,-68.52,41.0,100,90,4.7
207,Kalmunai,LK,1533605921,7.42,81.82,84.52,66,20,4.72
208,Yerbogachen,RU,1533605921,61.28,108.01,58.56,74,20,6.96
209,Moerai,PF,1533605922,-22.43,-151.33,74.85,100,64,13.78
210,Byron Bay,AU,1533603600,-28.65,153.62,69.8,30,0,8.05
211,Husavik,CA,1533605922,50.56,-96.99,60.54,84,0,5.17
212,Amontada,BR,1533605923,-3.36,-39.83,75.3,80,8,9.19
213,Katherine,AU,1533603600,-14.47,132.26,80.6,25,0,10.29
214,Mazagao,BR,1533603600,-0.12,-51.29,77.0,100,75,5.82
215,Poum,MK,1533605923,41.28,20.71,53.11,88,0,2.04
216,Maba,CN,1533605924,24.68,113.59,87.22,75,12,2.93
217,Dingle,PH,1533605924,11.0,122.67,74.44,100,92,9.98
218,Petropavlovsk-Kamchatskiy,RU,1533603600,53.05,158.65,68.0,68,40,11.18
219,Maua,KE,1533605925,0.23,37.94,52.53,85,0,3.15
220,Ahipara,NZ,1533605925,-35.17,173.16,59.14,87,0,4.94
221,Portland,US,1533603180,45.52,-122.67,91.4,29,40,10.29
222,Chuy,UY,1533605925,-33.69,-53.46,49.02,92,0,11.99
223,Santa Rosa,AR,1533605927,-36.62,-64.29,62.34,52,56,12.33
224,Faanui,PF,1533605927,-16.48,-151.75,80.11,100,0,12.77
225,Ust-Kuyga,RU,1533605927,70.0,135.55,57.03,65,0,5.95
226,Saint-Philippe,CA,1533604500,45.36,-73.48,78.8,83,90,6.93
227,Muhos,FI,1533604800,64.81,26.0,53.6,81,0,6.93
228,Basoko,CD,1533605928,1.23,23.61,70.12,100,64,5.06
229,Lata,IN,1533605928,30.78,78.62,62.52,100,64,1.59
230,Yangjiang,CN,1533605929,21.85,111.96,86.82,97,12,4.05
231,Te Anau,NZ,1533605929,-45.41,167.72,47.49,73,48,11.65
232,Changde,CN,1533605930,29.04,111.68,83.22,100,56,4.38
233,Yantal,RU,1533605930,56.85,105.25,60.9,60,20,3.38
234,La Salle,US,1533604500,41.33,-89.09,80.6,78,75,4.7
235,Lompoc,US,1533603480,34.64,-120.46,77.0,38,1,11.41
236,Ponta Delgada,PT,1533603600,37.73,-25.67,69.8,68,75,5.82
237,Chitral,PK,1533605932,35.85,71.79,47.71,35,0,1.36
238,Karratha,AU,1533605932,-20.74,116.85,73.05,14,0,13.78
239,Ajaccio,FR,1533605400,41.93,8.74,75.2,83,0,5.82
240,Caravelas,BR,1533605932,-17.73,-39.27,75.39,100,92,12.33
241,Carolina,PR,1533603360,18.38,-65.96,82.4,88,40,11.41
242,Mount Isa,AU,1533603600,-20.73,139.49,64.4,18,0,12.75
243,Oga,NG,1533605934,8.18,5.65,69.99,97,68,4.72
244,Lokosovo,RU,1533605934,61.13,74.84,57.75,80,92,11.77
245,Wakkanai,JP,1533603600,45.41,141.67,75.2,64,20,5.82
246,Galle,US,1533603360,29.74,-97.91,89.6,58,1,10.29
247,Cruzeiro do Sul,BR,1533603600,-7.63,-72.67,69.8,94,90,6.93
248,Boksitogorsk,RU,1533605935,59.47,33.85,57.21,76,44,6.62
249,Hualmay,PE,1533605936,-11.1,-77.61,53.7,95,44,5.84
250,Fortuna,ES,1533603600,38.18,-1.13,80.6,74,0,1.12
251,Namatanai,PG,1533605936,-3.66,152.44,79.71,100,80,10.76
252,Gigant,RU,1533605936,46.5,41.34,70.39,81,0,2.82
253,Maniitsoq,GL,1533605937,65.42,-52.9,48.39,71,48,11.88
254,Topolovgrad,BG,1533605937,42.08,26.33,63.24,71,0,2.59
255,Bambous Virieux,MU,1533603600,-20.34,57.76,69.8,56,40,8.05
256,Constitucion,MX,1533602640,23.99,-104.67,68.0,56,90,4.7
257,Kinsale,IE,1533603600,51.71,-8.52,55.4,87,75,5.82
258,Jiayuguan,CN,1533605938,39.77,98.29,69.18,64,44,1.81
259,Pulsano,IT,1533604800,40.38,17.36,75.2,88,0,2.24
260,Bintulu,MY,1533600000,3.17,113.03,77.0,100,75,3.36
261,Lagoa,PT,1533603600,37.14,-8.45,75.2,60,0,1.12
262,Laguna,MX,1533602520,27.52,-110.01,91.4,49,75,5.82
263,Saint-Georges,CA,1533605939,46.12,-70.67,70.89,89,20,2.71
264,Parfenyevo,RU,1533605940,58.48,43.41,60.76,82,48,8.3
265,Camargo,MX,1533605940,27.69,-105.17,81.91,25,12,10.76
266,Fort Nelson,CA,1533603600,58.81,-122.69,77.0,33,75,8.05
267,Nanzhang,CN,1533605941,31.78,111.84,84.84,80,32,2.71
268,Cabo San Lucas,MX,1533603000,22.89,-109.91,87.8,66,5,5.82
269,Esmeralda,CL,1533605941,-34.33,-70.9,41.55,99,92,3.04
270,Calama,CL,1533603600,-22.46,-68.93,48.2,21,0,3.36
271,Gobabis,NA,1533605942,-22.45,18.97,49.69,56,0,8.86
272,Lubsko,PL,1533605400,51.79,14.97,53.6,93,0,2.24
273,Sioux Lookout,CA,1533603600,50.1,-91.92,59.0,67,75,3.36
274,Vestmannaeyjar,IS,1533605943,63.44,-20.27,50.32,84,20,18.37
275,Yellowknife,CA,1533603600,62.45,-114.38,64.4,82,90,11.77
276,Ahar,IR,1533605944,38.48,47.07,55.09,92,92,2.37
277,Beyneu,KZ,1533605944,45.32,55.19,74.94,61,0,7.85
278,Puerto Ayacucho,CO,1533603600,5.66,-67.63,80.6,94,40,3.94
279,Rosarno,IT,1533603300,38.49,15.98,78.8,78,0,1.12
280,Jackson,US,1533603300,35.61,-88.82,84.2,88,1,3.62
281,Grindavik,IS,1533603600,63.84,-22.43,48.2,81,20,19.46
282,Sunrise Manor,US,1533604500,36.21,-115.07,107.6,6,1,2.15
283,Pangoa,PE,1533605945,-12.12,-73.0,63.33,97,76,1.14
284,Vanimo,PG,1533605946,-2.67,141.3,82.23,100,20,6.29
285,Karpathos,GR,1533604800,35.51,27.21,78.8,69,0,23.04
286,Cherskiy,RU,1533605946,68.75,161.3,50.28,58,64,6.85
287,Gamba,CN,1533605947,28.28,88.52,37.23,100,12,2.93
288,Port Hawkesbury,CA,1533603600,45.62,-61.36,68.0,77,1,3.36
289,Saldanha,PT,1533605947,41.42,-6.55,60.81,54,8,6.17
290,Ancud,CL,1533605948,-41.87,-73.83,43.44,93,12,5.95
291,Eyl,SO,1533605948,7.98,49.82,77.59,78,0,18.37
292,Rome,IT,1533604800,41.89,12.48,77.0,73,0,3.36
293,Saurimo,AO,1533605948,-9.66,20.4,54.37,68,0,2.48
294,Jalu,LY,1533605949,29.03,21.55,81.01,41,0,10.2
295,Bubaque,GW,1533605949,11.28,-15.83,79.12,100,88,13.67
296,Tura,IN,1533605949,25.52,90.21,80.97,93,64,1.7
297,Kapiri Mposhi,ZM,1533605950,-13.97,28.68,53.16,67,0,7.18
298,Luganville,VU,1533605950,-15.51,167.18,75.21,100,36,10.31
299,Westport,IE,1533605950,53.8,-9.52,55.5,95,92,10.54
300,Wormeldange,DE,1533604800,49.61,6.41,75.2,44,0,3.36
301,Anori,BR,1533605951,-3.74,-61.66,76.83,90,0,4.72
302,Dumas,IN,1533605951,21.09,72.71,80.02,100,88,19.26
303,Honningsvag,NO,1533605952,70.98,25.97,47.89,100,92,18.48
304,Itoman,JP,1533603600,26.12,127.67,87.8,70,20,12.75
305,Kinablangan,PH,1533605952,7.69,126.55,86.37,91,20,11.43
306,Novo Aripuana,BR,1533605952,-5.12,-60.38,73.05,98,8,2.37
307,Veydelevka,RU,1533605953,50.15,38.45,68.91,72,20,2.59
308,Burnie,AU,1533605953,-41.05,145.91,51.81,100,0,22.84
309,Guangyuan,CN,1533605953,32.43,105.86,79.17,89,24,1.14
310,Danane,CI,1533605954,7.26,-8.15,70.66,96,92,8.75
311,Amahai,ID,1533605954,-3.31,129.0,80.43,100,68,15.46
312,Opuwo,NA,1533605954,-18.06,13.84,49.38,66,0,3.94
313,Obo,CF,1533605955,5.39,26.49,68.14,96,68,3.38
314,Yaan,NG,1533605955,7.38,8.57,71.56,99,92,7.52
315,Buala,SB,1533605955,-8.15,159.59,84.12,78,8,4.83
316,Quzhou,CN,1533605955,28.97,118.86,90.33,72,0,3.6
317,Collipulli,CL,1533605956,-37.96,-72.44,47.26,100,92,5.5
318,Hobyo,SO,1533605956,5.35,48.53,74.31,74,36,15.79
319,Hithadhoo,MV,1533605957,-0.6,73.08,79.21,100,36,9.64
320,Usinsk,RU,1533605957,66.0,57.56,54.46,100,92,4.05
321,Armidale,AU,1533605957,-30.51,151.67,47.71,66,8,16.46
322,Port Lincoln,AU,1533605958,-34.72,135.86,58.06,88,88,24.96
323,Monrovia,LR,1533603600,6.33,-10.8,75.2,94,75,4.94
324,Cayenne,GF,1533603600,4.94,-52.33,75.2,100,0,7.96
325,Benguela,AO,1533605958,-12.58,13.4,63.91,100,8,3.6
326,Ilhabela,BR,1533605959,-23.78,-45.36,63.87,100,92,4.72
327,Walvis Bay,NA,1533605959,-22.95,14.51,56.44,100,0,17.36
328,Kitgum,UG,1533605959,3.3,32.88,58.83,96,36,2.59
329,Sabang,PH,1533605960,13.72,123.58,81.01,93,92,15.68
330,Port Hardy,CA,1533603600,50.7,-127.42,66.2,68,20,9.17
331,Inirida,CO,1533605960,3.87,-67.92,71.11,100,76,3.6
332,Moron,VE,1533603600,10.49,-68.2,82.4,69,40,2.71
333,Sortland,NO,1533604800,68.69,15.42,51.8,81,44,3.36
334,Bella Union,CO,1533605961,8.5,-73.35,69.54,56,8,3.38
335,Huazhou,CN,1533605961,21.65,110.64,87.94,90,24,4.38
336,Port Blair,IN,1533605962,11.67,92.75,81.87,100,80,26.87
337,North Bend,US,1533604500,43.41,-124.22,60.8,87,90,14.99
338,Mildura,AU,1533605962,-34.18,142.16,56.31,74,36,17.58
339,Barra,BR,1533605963,-11.09,-43.14,77.41,53,0,12.66
340,Caxito,BR,1533603600,-22.65,-42.51,64.4,93,90,3.36
341,Waipawa,NZ,1533605963,-39.94,176.59,57.79,86,8,6.96
342,Charlestown,US,1533604500,41.38,-71.64,80.6,78,1,6.93
343,Pisco,PE,1533603600,-13.71,-76.2,60.8,87,90,14.99
344,Callaway,US,1533604500,46.98,-95.91,73.4,64,1,3.38
345,Katsuura,JP,1533603600,33.93,134.5,84.2,66,75,6.93
346,North Myrtle Beach,US,1533604800,33.83,-78.68,82.4,78,1,11.41
347,Manbij,SY,1533603000,36.53,37.96,73.4,69,0,8.05
348,Sur,OM,1533605966,22.57,59.53,87.04,79,80,6.4
349,Salitral,CR,1533603600,9.79,-84.12,71.6,94,75,3.36
350,Gambela,ET,1533605966,8.25,34.59,61.66,98,92,2.71
351,Shache,CN,1533605828,38.42,77.24,77.41,38,0,5.61
352,Ilulissat,GL,1533603000,69.22,-51.1,44.6,65,92,2.24
353,Wuwei,CN,1533605967,37.93,102.64,63.69,90,80,2.37
354,Newport,GB,1533604800,51.59,-3.0,60.8,100,48,8.05
355,Coari,BR,1533605968,-4.09,-63.14,76.51,91,8,2.71
356,Sinnamary,GF,1533605968,5.38,-52.96,81.6,96,76,10.87
357,Mihaesti,RO,1533605968,45.03,24.25,62.34,86,0,3.49
358,East London,ZA,1533605919,-33.02,27.91,62.7,100,0,22.17
359,Bereda,ES,1533603600,43.27,-7.54,66.2,88,92,3.36
360,Saint-Pierre,FR,1533605400,48.95,4.24,69.8,49,0,3.36
361,Akdepe,TM,1533603600,42.05,59.39,73.4,60,0,6.93
362,Tias,ES,1533603600,28.96,-13.65,73.4,83,20,20.8
363,Jaisalmer,IN,1533605970,26.91,70.91,82.23,65,8,14.45
364,Pirovskoye,RU,1533605971,57.63,92.27,59.73,69,0,3.83
365,Parnu-Jaagupi,EE,1533605971,58.61,24.51,62.7,58,76,8.75
366,Boddam,GB,1533604800,57.47,-1.78,53.6,81,100,5.82
367,Hambantota,LK,1533605971,6.12,81.12,83.17,88,12,18.14
368,Rawson,AR,1533605972,-43.3,-65.11,56.13,58,92,9.98
369,Khed Brahma,IN,1533605972,24.03,73.05,76.24,88,92,7.29
370,Baruun-Urt,MN,1533605972,46.68,113.28,68.77,77,68,6.4
371,Port Hedland,AU,1533603600,-20.31,118.58,68.0,15,0,19.46
372,Talnakh,RU,1533605973,69.49,88.39,50.64,83,68,8.08
373,Norman Wells,CA,1533603600,65.28,-126.83,64.4,68,75,9.17
374,Vanderhoof,CA,1533605974,54.02,-124.02,70.57,35,64,8.97
375,San Diego de los Banos,CU,1533605974,22.65,-83.37,79.98,76,0,8.63
376,Vila Franca do Campo,PT,1533605400,37.72,-25.43,69.8,64,75,4.7
377,Puri,ID,1533603600,-7.54,112.45,75.2,69,20,4.7
378,Sinazongwe,ZM,1533605975,-17.26,27.46,60.09,82,0,0.92
379,Troitskoye,RU,1533605975,52.98,84.68,66.03,52,0,4.83
380,Ternate,PH,1533603600,14.29,120.72,86.0,79,75,5.82
381,Fort Dodge,US,1533604500,42.5,-94.17,77.0,78,1,2.93
382,Avera,US,1533603300,33.19,-82.53,82.4,78,1,5.61
383,Constantine,DZ,1533603600,36.36,6.61,66.2,88,40,2.15
384,Trogir,HR,1533605400,43.52,16.25,77.0,65,0,4.7
385,Gavle,SE,1533605977,60.67,17.14,58.87,98,8,2.26
386,Port Keats,AU,1533605977,-14.25,129.55,84.12,38,0,16.69
387,Narsaq,GL,1533603000,60.91,-46.05,46.4,70,0,5.82
388,Polunochnoye,RU,1533605978,60.87,60.43,63.06,94,8,7.74
389,Sandwick,GB,1533603000,54.57,-2.89,59.0,93,80,5.82
390,Tromso,NO,1533604800,69.65,18.96,48.2,81,75,2.24
391,Maceio,BR,1533603600,-9.67,-35.74,71.6,88,20,3.36
392,Amga,RU,1533605979,60.89,131.98,68.01,73,0,5.5
393,Qasigiannguit,GL,1533603000,68.82,-51.19,44.6,65,92,2.24
394,Bayan,MN,1533605980,47.25,107.54,64.36,86,12,6.06
395,Nichelino,IT,1533604800,45.0,7.65,68.0,94,75,3.36
396,Menongue,AO,1533605980,-14.66,17.68,53.25,57,0,2.93
397,Charters Towers,AU,1533605980,-20.07,146.27,61.26,63,80,13.0
398,Anadyr,RU,1533603600,64.73,177.51,57.2,76,75,6.71
399,Turan,RU,1533605981,52.15,93.92,60.18,66,0,2.93
400,Malmyzh,RU,1533605981,56.52,50.68,64.77,80,20,5.73
401,Tabriz,IR,1533603600,38.08,46.29,73.4,53,20,13.87
402,Adrar,DZ,1533603600,27.87,-0.29,91.4,16,0,6.93
403,Timaru,NZ,1533605982,-44.39,171.25,51.9,93,24,3.38
404,Tsumeb,NA,1533605982,-19.25,17.72,55.5,64,0,5.84
405,Vagur,FO,1533605983,61.47,-6.81,53.11,98,88,22.28
406,Hukuntsi,BW,1533605983,-23.98,21.76,55.05,36,0,6.96
407,Faya,SA,1533603600,18.39,42.45,69.8,83,40,4.7
408,Staryy Nadym,RU,1533605984,65.61,72.68,61.62,71,8,14.45
409,Avallon,FR,1533605984,47.49,3.91,64.32,91,0,3.6
410,La Palma,CO,1533605985,5.36,-74.39,65.62,95,24,0.69
411,Mugla,BG,1533605400,41.62,24.49,68.0,68,0,3.36
412,Matara,PE,1533605985,-13.74,-72.9,39.52,95,92,2.15
413,Kumano,JP,1533603600,34.34,132.59,91.4,62,75,5.82
414,Sola,NO,1533604800,58.89,5.65,62.6,93,75,8.05
415,Deputatskiy,RU,1533605986,69.3,139.9,55.54,49,0,6.51
416,Mokhsogollokh,RU,1533605986,61.4,128.95,69.49,68,0,5.17
417,Vilhena,BR,1533605987,-12.74,-60.15,69.54,84,0,3.15
418,Bonthe,SL,1533605987,7.53,-12.5,74.44,100,100,3.38
419,Kozlovka,RU,1533603600,55.84,48.25,60.8,82,0,4.47
420,Kasaragod,IN,1533605400,12.5,75.0,77.0,88,75,9.17
421,Zhuhai,CN,1533603600,40.71,112.04,66.2,93,40,4.47
422,Garowe,SO,1533605988,8.41,48.48,75.84,57,0,17.13
423,Maragogi,BR,1533605989,-9.01,-35.22,73.68,94,68,8.3
424,Gavar,AM,1533603600,40.36,45.13,73.4,53,24,1.12
425,Odda,NO,1533605989,60.07,6.55,44.56,97,88,1.92
426,Kamennomostskiy,RU,1533605990,44.29,40.18,61.39,79,20,2.26
427,Ballina,IE,1533605990,54.11,-9.15,51.72,100,76,7.74
428,Yerofey Pavlovich,RU,1533605990,53.97,121.97,60.67,74,88,7.85
429,Moorhead,US,1533604500,46.87,-96.75,73.4,60,1,2.71
430,Calvinia,ZA,1533605991,-31.47,19.78,40.2,88,80,11.54
431,Kirakira,SB,1533605991,-10.46,161.92,81.06,100,8,11.21
432,Bam,IR,1533605991,29.11,58.36,81.91,26,0,11.77
433,Whitley Bay,GB,1533604800,55.04,-1.44,59.0,93,20,2.24
434,Batagay,RU,1533605992,67.65,134.64,65.85,52,0,4.38
435,Vryburg,ZA,1533605992,-26.96,24.73,40.74,54,20,4.05
436,La Ceiba,CR,1533603600,9.9,-84.6,71.6,94,75,3.36
437,De Aar,ZA,1533605993,-30.65,24.01,28.77,84,0,7.29
438,Chunskiy,RU,1533605993,56.08,99.63,61.84,65,0,0.47
439,Souillac,FR,1533605400,45.6,-0.6,73.4,64,0,3.36
440,Tanout,NE,1533605994,14.97,8.88,72.6,91,68,6.73
441,Shunyi,CN,1533603600,40.13,116.65,80.6,88,90,4.47
442,Lockhart,AU,1533603600,-35.22,146.72,48.2,76,75,14.99
443,Kindu,CD,1533605995,-2.95,25.92,73.59,77,56,3.6
444,Saint Anthony,US,1533603360,43.97,-111.68,82.4,15,1,5.82
445,Kaihua,CN,1533605995,29.14,118.41,89.61,70,8,3.04
446,Turinskaya Sloboda,RU,1533605996,57.62,64.39,67.74,90,12,5.84
447,Coihaique,CL,1533603600,-45.58,-72.07,37.4,86,80,4.7
448,Strezhevoy,RU,1533603600,60.73,77.6,55.4,76,0,8.95
449,Ngaoundere,CM,1533605997,7.32,13.58,62.97,99,80,2.37
450,Adeje,NG,1533605997,5.68,5.76,73.05,87,68,4.16
451,Oriximina,BR,1533605997,-1.77,-55.87,83.44,60,0,4.83
452,Nome,US,1533604500,30.04,-94.42,86.0,78,40,5.17
453,Qaqortoq,GL,1533603000,60.72,-46.03,46.4,70,0,5.82
454,Lipin Bor,RU,1533605998,60.26,37.97,57.84,100,12,18.7
455,Gibsons,CA,1533603600,49.4,-123.51,86.0,47,20,5.82
456,Broome,GB,1533604800,52.47,1.45,68.0,77,0,6.93
457,Aklavik,CA,1533603600,68.22,-135.01,51.8,76,90,4.7
458,Moosomin,CA,1533605999,50.14,-101.67,64.41,76,0,4.38
459,Izvestkovyy,RU,1533605999,48.98,131.55,74.17,69,8,3.38
460,Port-Cartier,CA,1533603600,50.03,-66.88,64.4,93,90,5.82
461,Lenger,KZ,1533603600,42.18,69.89,84.2,28,0,2.24
462,Mayo,CA,1533603600,63.59,-135.9,62.6,67,75,10.29
463,Leshukonskoye,RU,1533606001,64.9,45.76,52.35,100,92,7.4
464,Shoranur,IN,1533603600,10.76,76.27,77.0,83,90,4.7
465,Flin Flon,CA,1533605795,54.77,-101.88,70.12,68,48,7.74
466,Lancaster,US,1533604500,40.04,-76.31,84.2,78,1,8.19
467,Contai,IN,1533606002,21.78,87.75,82.27,100,44,7.07
468,Kurilsk,RU,1533606002,45.23,147.88,57.75,89,0,7.07
469,Bilibino,RU,1533606002,68.06,166.44,60.45,47,24,4.27
470,Tuban,ID,1533605777,-6.9,112.07,86.82,45,0,5.39
471,Lamu,ID,1533606003,0.57,122.3,82.36,72,32,5.73
472,Huarmey,PE,1533606003,-10.07,-78.15,53.7,89,0,3.71
473,Soyo,AO,1533606003,-6.13,12.37,67.83,96,92,3.27
474,Bulawayo,ZW,1533606004,-20.16,28.59,51.18,72,0,2.71
475,Nuuk,GL,1533603000,64.17,-51.74,50.0,71,75,5.82
476,Kalaleh,IR,1533606004,37.38,55.49,76.06,86,76,4.16
477,Brae,GB,1533604800,60.4,-1.35,53.6,87,88,4.7
478,At-Bashi,KG,1533606005,41.17,75.81,60.04,57,0,1.92
479,Osmanabad,IN,1533606005,18.19,76.04,73.59,89,88,12.1
480,Storslett,NO,1533606006,69.77,21.03,40.02,100,56,2.26
481,Guerrero Negro,MX,1533605860,27.97,-114.04,75.93,70,0,7.52
482,Xichang,CN,1533606006,27.88,102.25,66.07,76,56,1.59
483,Moranbah,AU,1533606007,-22.0,148.04,69.31,21,44,11.65
484,Marystown,CA,1533605910,47.17,-55.16,59.32,97,92,13.56
485,Ha Giang,VN,1533606007,22.83,104.99,75.84,89,44,1.7
486,Chipinge,ZW,1533606007,-20.19,32.62,56.62,83,0,2.04
487,Nizwa,OM,1533606008,22.93,57.53,81.01,27,20,1.59
488,Novyy Urgal,RU,1533606008,51.07,132.56,71.34,80,68,4.05
489,Tual,ID,1533606008,-5.67,132.75,78.54,100,20,10.42
490,Verkhoyansk,RU,1533606008,67.55,133.39,64.86,43,0,3.71
491,Rosetta,EG,1533606009,31.4,30.42,72.42,96,0,4.61
492,Kosh-Agach,RU,1533606009,49.99,88.66,55.72,68,24,4.16
493,Belaya Gora,RU,1533606009,68.54,146.19,59.55,66,20,5.73
494,Whakatane,NZ,1533606010,-37.96,176.99,56.22,100,64,4.05
495,Muravlenko,RU,1533606010,63.79,74.5,58.83,85,92,15.23
496,Sacama,EC,1533606010,-3.9,-79.27,51.99,85,20,2.04
497,Ipil,PH,1533606011,7.78,122.59,83.58,80,80,9.64
498,Prado,BR,1533606011,-17.34,-39.22,75.61,100,92,12.33
499,Port Augusta,AU,1533603600,-32.49,137.76,55.4,66,48,13.87
500,Port-Gentil,GA,1533605733,-0.72,8.78,72.91,100,56,11.21
501,Pedasi,PA,1533606012,7.53,-80.03,80.34,100,64,6.06
502,Payo,ID,1533606012,-3.75,103.64,81.64,74,24,5.61
503,Carballo,ES,1533603600,43.21,-8.69,66.2,88,92,3.36
504,Maple Creek,CA,1533606013,49.91,-109.46,64.41,80,64,3.38
505,Tuy Hoa,VN,1533605944,13.08,109.3,85.02,79,92,16.46
506,San Cristobal,EC,1533603600,-0.39,-78.55,51.8,87,40,10.29
507,Ust-Tarka,RU,1533606014,55.56,75.71,61.89,75,48,11.32
508,Imperia,IT,1533603300,43.88,8.02,78.8,65,0,3.36
509,Auki,NG,1533606015,12.18,6.51,68.59,96,76,4.94
510,Sonoita,US,1533603480,31.68,-110.66,105.8,29,32,13.87
511,Storm Lake,US,1533604500,42.64,-95.21,78.8,83,20,3.36
512,Gravdal,NO,1533604800,59.79,5.78,60.8,93,92,6.93
513,Caiaponia,BR,1533606016,-16.96,-51.81,70.21,69,36,9.75
514,Bellefontaine,US,1533604680,40.36,-83.76,82.4,88,1,6.93
515,Whitehorse,CA,1533603600,60.72,-135.06,69.8,43,90,9.17
516,Dawei,MM,1533606017,14.07,98.19,74.62,98,92,4.38
517,Severo-Yeniseyskiy,RU,1533606017,60.37,93.04,51.94,87,64,3.27
518,Pokrovsk,UA,1533606018,48.28,37.18,67.11,81,12,3.6
519,La Huacana,MX,1533606018,18.96,-101.8,64.77,100,92,1.59
520,Kavaratti,IN,1533606018,10.57,72.64,81.96,98,76,24.29
521,Great Bend,US,1533604560,38.36,-98.78,84.2,54,1,5.82
522,Berdigestyakh,RU,1533606019,62.1,126.7,69.63,67,0,3.71
523,Atasu,KZ,1533606019,48.68,71.64,64.95,100,92,4.61
524,Angoche,MZ,1533606020,-16.23,39.91,73.14,100,0,9.64
525,Sorong,ID,1533606020,-0.86,131.25,80.29,100,92,13.33
526,Oksfjord,NO,1533601200,70.24,22.35,46.4,81,75,11.41
527,Saint-Louis,CH,1533605400,47.59,7.56,71.6,73,0,1.12
528,Hwange,ZW,1533606021,-18.35,26.5,54.51,58,0,2.93
529,Rio Grande,BR,1533605864,-32.03,-52.1,51.27,93,0,9.31
530,Dunedin,NZ,1533605861,-45.87,170.5,49.47,81,56,5.95
